61.216739,-149.899423
61.198447,-149.883747
61.198401,-149.882446
61.19443,-149.87628
61.194019,-149.874609
61.20296,-149.858641
61.586827,-149.129976
37.781342,-122.395836
37.427648,-122.164739
37.374381,-121.89605
34.136207,-118.355921
33.802943,-117.927172
33.806245,-117.927065
33.806253,-117.925888
33.62839,-117.716471
33.627975,-117.715995
33.633471,-117.711409
33.647216,-117.687397
33.647053,-117.686625
32.935365,-117.036183
32.936897,-117.035333
32.936534,-117.03378
53.522058,-113.527753
53.518599,-113.513646
53.562338,-113.507206
33.529083,-112.260993
33.52857,-112.260675
33.651556,-112.012137
33.650898,-112.011282
33.651586,-112.00988
33.6514,-112.008759
33.652175,-112.008397
33.394372,-104.523914
41.866254,-87.618659
41.880987,-87.61618
35.872008,-86.389869
35.872927,-86.38521
35.874005,-86.385136
35.873258,-86.385049
35.874622,-86.384942
43.644298,-79.384804
43.641612,-79.383721
35.80215,-79.154338
43.07869,-79.080303
43.085634,-79.079594
43.08696,-79.065762
43.079356,-79.061808
43.079057,-79.061069
-12.173366,-76.952406
42.347237,-71.073636
42.239201,-71.012655
-22.982928,-43.189972
-22.983977,-43.189788
-22.971573,-43.184598
-22.965401,-43.174514
-22.962651,-43.167894
-22.962753,-43.167844
64.150748,-21.960268
64.146465,-21.939828
65.68069,-18.090079
65.683806,-18.087383
65.685232,-18.078195
37.0023,-8.94677
37.06546,-8.82487
37.10287,-8.67203
37.10099,-8.67175
37.12921,-8.59676
51.93346,-8.566024
37.1604,-8.55697
51.705208,-8.522946
51.705884,-8.522155
51.898962,-8.483091
51.897812,-8.482874
51.89803,-8.482572
51.898981,-8.482368
51.899999,-8.480387
51.900873,-8.480057
51.901677,-8.479552
51.902592,-8.478495
51.898615,-8.477547
51.898373,-8.477532
51.89911,-8.476463
51.904505,-8.476228
51.897033,-8.475033
51.898857,-8.474706
51.91044,-8.47444
51.907187,-8.474364
51.907845,-8.474308
51.910881,-8.474221
51.910932,-8.473643
51.897353,-8.47327
51.898635,-8.472944
51.899581,-8.472868
51.897501,-8.472515
51.896413,-8.472406
51.913061,-8.472184
51.914845,-8.472016
51.896594,-8.471968
51.897656,-8.471783
51.899982,-8.471628
51.915381,-8.471092
51.895593,-8.470608
51.915745,-8.470162
51.914781,-8.470148
51.900979,-8.469991
51.897277,-8.469839
51.894888,-8.469754
51.897166,-8.469593
51.895268,-8.469574
51.897099,-8.469555
51.895391,-8.469324
51.901426,-8.468293
51.897314,-8.467899
51.901387,-8.46784
51.900795,-8.467816
51.898414,-8.467352
51.895335,-8.465504
51.895479,-8.465355
52.077702,-8.285328
52.077826,-8.284719
52.077238,-8.280516
54.595632,-7.311884
54.597585,-7.307757
54.599391,-7.306828
54.599909,-7.30614
54.59578,-7.304734
54.603314,-7.304419
54.599149,-7.303875
54.599935,-7.303455
54.599096,-7.303106
54.600449,-7.303097
54.599991,-7.302225
54.600021,-7.301528
54.600062,-7.301026
54.599111,-7.300555
54.598771,-7.300419
54.600138,-7.300151
54.604246,-7.299698
54.599089,-7.297066
54.6022,-7.295982
54.600257,-7.294868
54.599091,-7.29453
54.601232,-7.289335
54.600105,-7.288095
54.600487,-7.287317
54.60159,-7.28375
54.601236,-7.282036
53.294998,-6.695354
53.294947,-6.694699
37.902511,-6.664298
37.903214,-6.660728
37.904673,-6.660421
55.206618,-6.524743
55.207269,-6.523225
55.202164,-6.522236
55.201347,-6.520712
53.348539,-6.259186
53.367922,-6.200517
53.367813,-6.199999
53.38572,-6.064876
56.419124,-5.475483
56.418885,-5.475177
56.418726,-5.474485
56.41517,-5.473871
56.41416,-5.470886
36.146442,-5.360145
36.140459,-5.354652
36.139914,-5.354572
36.142785,-5.354239
36.138434,-5.35418
36.140366,-5.352695
36.12741,-5.351844
36.148661,-5.351829
36.139642,-5.351727
36.139214,-5.351417
36.136939,-5.351337
36.139002,-5.351039
36.142652,-5.350787
36.118763,-5.350599
36.14105,-5.350582
36.119115,-5.350539
36.122495,-5.350217
36.116463,-5.350008
36.147405,-5.348644
36.146815,-5.348311
36.147783,-5.347886
36.14789,-5.347303
36.133541,-5.340969
36.140238,-5.340393
50.110637,-5.269275
56.816167,-5.114275
56.819213,-5.110247
56.817751,-5.109737
56.82039,-5.106457
56.231398,-5.073441
50.15524,-5.07217
50.15621,-5.07169
50.26196,-5.053748
50.54097,-4.93898
50.54105,-4.93876
55.795832,-4.869561
55.793839,-4.867639
50.339607,-4.789635
50.27069,-4.78837
50.358714,-4.74221
51.671976,-4.697304
51.671993,-4.696654
51.672329,-4.696505
55.936237,-4.694166
55.432614,-4.634728
55.786073,-4.612337
55.446228,-4.606895
56.005057,-4.593666
55.991775,-4.591491
55.993303,-4.591108
55.993015,-4.591025
55.992663,-4.591014
55.992516,-4.590802
55.991991,-4.590054
55.991672,-4.59005
56.000335,-4.589976
55.923789,-4.582388
50.835642,-4.552428
50.828134,-4.548672
50.828409,-4.548466
50.83166,-4.547744
50.831458,-4.54672
50.831297,-4.546258
50.831177,-4.545561
50.830518,-4.544941
50.829452,-4.544891
50.830259,-4.542039
50.829378,-4.541119
50.827585,-4.528052
50.830614,-4.517511
50.830282,-4.517006
55.909726,-4.509689
55.916604,-4.481017
55.921272,-4.47899
55.916563,-4.47872
55.845783,-4.478511
55.846145,-4.478216
55.845402,-4.477626
55.84569,-4.477567
55.91798,-4.476693
55.916471,-4.476693
55.917273,-4.476247
55.916484,-4.476131
55.845831,-4.475998
55.84498,-4.475883
55.84606,-4.475051
55.844707,-4.474799
55.84408,-4.474075
55.91359,-4.473152
55.845145,-4.47283
55.842887,-4.470249
55.842995,-4.470074
55.843396,-4.469553
55.84336,-4.468418
55.843531,-4.467718
55.84393,-4.46709
55.844748,-4.466799
55.8443,-4.466557
55.844681,-4.466557
55.844484,-4.466516
55.908063,-4.465604
55.902958,-4.457949
55.904671,-4.450282
55.904229,-4.449952
55.903814,-4.449905
55.904114,-4.449716
55.9039,-4.449547
55.903833,-4.449432
55.904539,-4.449235
55.903729,-4.448739
55.904508,-4.448441
55.905078,-4.447627
55.850541,-4.445552
55.851481,-4.445381
55.851592,-4.444817
55.849623,-4.444528
55.851358,-4.443621
55.850048,-4.442897
36.711439,-4.439048
55.836321,-4.438753
55.835502,-4.437403
36.711068,-4.437266
36.711636,-4.437145
36.71253,-4.435601
55.863888,-4.43507
36.712756,-4.432391
55.911596,-4.430446
36.714723,-4.429223
36.714388,-4.427836
36.712571,-4.427274
36.713284,-4.427056
55.90693,-4.426707
55.844845,-4.426594
55.849211,-4.426537
55.847271,-4.426385
55.851126,-4.426373
55.849379,-4.425838
36.713396,-4.425704
55.849078,-4.425654
55.846704,-4.425236
36.716144,-4.425082
55.847191,-4.424852
55.90581,-4.424781
36.712958,-4.424601
36.715056,-4.424167
36.714026,-4.424066
55.905874,-4.423985
36.715728,-4.42314
36.71472,-4.423117
55.829275,-4.422889
55.845663,-4.422281
55.845798,-4.421133
55.842555,-4.420372
55.842583,-4.419698
36.723871,-4.419472
55.853584,-4.418856
36.719595,-4.418786
55.844607,-4.418583
55.853899,-4.417901
55.860663,-4.417854
55.860285,-4.417711
55.861041,-4.417121
55.861003,-4.416582
55.845414,-4.41637
36.723585,-4.416357
55.860982,-4.416209
36.720224,-4.41602
55.857831,-4.415898
55.860986,-4.415839
55.841722,-4.415364
36.720228,-4.41534
55.845815,-4.415155
55.855989,-4.414921
55.84139,-4.414865
55.842314,-4.414852
55.92131,-4.41326
36.720703,-4.411903
36.718379,-4.411813
36.716669,-4.411569
36.72325,-4.410484
36.719225,-4.410034
36.718092,-4.409152
36.720171,-4.408261
36.720999,-4.406955
55.901052,-4.403912
55.845932,-4.403179
55.901878,-4.402503
55.903928,-4.402485
55.901201,-4.402342
55.904192,-4.402336
55.902964,-4.402151
55.901666,-4.40206
55.905911,-4.401926
55.904119,-4.401105
55.904018,-4.400637
36.722936,-4.39827
55.903577,-4.397841
55.903876,-4.397677
55.90386,-4.39738
55.903704,-4.397006
36.723157,-4.396736
36.723625,-4.39673
55.90367,-4.396448
55.903676,-4.396167
55.903514,-4.395054
55.903503,-4.394521
55.903588,-4.394094
55.90321,-4.393853
55.892868,-4.390629
55.877993,-4.388872
55.87832,-4.387867
55.879354,-4.387659
55.879278,-4.387224
55.87622,-4.386796
55.878589,-4.38656
55.878726,-4.386314
55.879481,-4.385868
55.867173,-4.385772
55.879695,-4.385711
50.364945,-4.385616
50.36549,-4.385224
55.867177,-4.38512
55.878354,-4.384819
55.881292,-4.383823
55.88024,-4.382644
55.904431,-4.379259
55.904452,-4.378545
55.904458,-4.37795
55.904809,-4.377525
55.904806,-4.377177
55.90235,-4.376302
55.88914,-4.375946
55.902669,-4.375029
55.904026,-4.374718
55.879205,-4.374576
55.879181,-4.374125
55.818594,-4.372592
55.87807,-4.371392
55.878074,-4.370858
55.897127,-4.369997
55.878457,-4.369973
55.877232,-4.368736
55.876145,-4.367358
36.719088,-4.367076
55.875387,-4.366483
55.875456,-4.366482
55.875501,-4.366258
55.874927,-4.365494
55.875106,-4.365376
55.864512,-4.364075
36.719459,-4.364002
55.874614,-4.363458
55.865032,-4.36327
55.874733,-4.362723
55.874998,-4.362152
55.874015,-4.362117
55.874474,-4.362106
55.875209,-4.361776
55.874449,-4.360691
55.874363,-4.360674
55.872804,-4.360467
55.885824,-4.360467
55.874225,-4.360388
55.869808,-4.35987
55.873962,-4.359798
55.869936,-4.359675
55.870185,-4.359469
55.873811,-4.359459
55.885741,-4.359343
55.870188,-4.35926
55.905425,-4.359026
55.9059,-4.358946
55.87023,-4.35894
55.906141,-4.358914
55.873547,-4.358784
55.870237,-4.358631
55.906002,-4.358215
55.905619,-4.358118
55.872921,-4.357927
55.906047,-4.357912
55.872732,-4.357895
55.905643,-4.357887
55.872557,-4.357863
55.872441,-4.357821
55.867728,-4.356921
55.90575,-4.356825
36.717926,-4.354479
55.861403,-4.345184
55.861244,-4.344441
55.859778,-4.343017
55.861004,-4.342816
55.860207,-4.34269
55.860444,-4.341956
55.860798,-4.341896
55.860563,-4.341841
55.861254,-4.34178
55.861503,-4.340729
55.860962,-4.340469
55.861874,-4.340039
55.863073,-4.339433
55.864317,-4.339207
55.863461,-4.339121
55.864903,-4.339063
55.86357,-4.339058
55.863279,-4.338973
55.863687,-4.338666
55.864223,-4.338252
55.861974,-4.337301
55.864343,-4.337261
55.862854,-4.336684
55.863289,-4.336569
55.863026,-4.336566
55.863563,-4.336427
55.864708,-4.336327
55.863682,-4.335914
55.86366,-4.335563
55.863937,-4.335541
55.894463,-4.333732
55.894154,-4.333528
55.893805,-4.332999
55.972621,-4.330094
55.9725,-4.329167
55.852416,-4.323694
55.85235,-4.323193
55.891118,-4.322558
55.891739,-4.322519
55.852234,-4.32238
55.89181,-4.322144
55.852159,-4.321857
55.891085,-4.321823
55.88378,-4.320124
55.85127,-4.319749
55.882052,-4.319605
55.853212,-4.319559
55.853361,-4.319094
55.881579,-4.316312
55.883022,-4.315725
55.883236,-4.31533
55.882389,-4.314722
55.882422,-4.314431
55.882604,-4.314286
55.883305,-4.313985
55.880737,-4.313626
55.862649,-4.313478
55.883186,-4.311799
55.881841,-4.311799
55.883254,-4.311231
55.829926,-4.308046
55.86536,-4.304806
55.866468,-4.301459
55.866775,-4.298173
55.867014,-4.298082
55.865965,-4.297006
55.867275,-4.296083
55.866191,-4.295971
55.871553,-4.295346
55.86734,-4.295056
55.871369,-4.294728
55.871854,-4.294624
55.871197,-4.294037
55.82302,-4.289973
55.868936,-4.289692
55.926299,-4.285097
55.925892,-4.284691
55.855049,-4.275793
55.854653,-4.275701
55.854357,-4.275637
55.854474,-4.274516
55.826363,-4.273738
55.854439,-4.272992
55.864074,-4.269679
55.828391,-4.268408
55.839249,-4.266555
55.827325,-4.266551
55.839181,-4.265764
55.865409,-4.264668
55.82942,-4.26343
55.85843,-4.262689
55.829149,-4.262607
55.869362,-4.262202
55.858513,-4.261008
55.856901,-4.260981
55.865363,-4.260167
55.860249,-4.259402
55.860332,-4.257022
55.855359,-4.253576
55.858107,-4.252542
55.85884,-4.252381
51.681144,-4.251773
55.859111,-4.250918
55.856145,-4.250891
55.862343,-4.250481
55.857949,-4.250137
51.67988,-4.248421
55.858656,-4.248379
55.856913,-4.246269
55.856756,-4.245332
55.853876,-4.244269
55.85795,-4.244169
55.862124,-4.237627
55.863747,-4.236141
57.473349,-4.233722
57.473706,-4.233545
55.864497,-4.23352
55.864662,-4.233078
55.8743,-4.23156
55.975272,-4.230959
55.865293,-4.230546
55.865231,-4.230235
55.872822,-4.229736
55.872998,-4.229577
55.873141,-4.229498
55.873308,-4.229288
55.892826,-4.221317
55.894481,-4.218283
55.890648,-4.21739
50.409324,-4.213504
55.854519,-4.213005
50.409472,-4.212964
55.85584,-4.209899
55.85598,-4.209107
55.854763,-4.202968
55.855064,-4.202946
50.407168,-4.197879
51.682807,-4.186909
50.374074,-4.17944
51.680362,-4.174783
50.360182,-4.17466
50.412681,-4.168652
51.682232,-4.164044
50.360288,-4.163586
51.683313,-4.163234
51.681237,-4.162939
51.681134,-4.162005
51.684999,-4.161083
51.68151,-4.160498
51.680249,-4.158953
51.68298,-4.156501
50.369476,-4.155445
50.385454,-4.153324
50.368017,-4.150102
50.370444,-4.147698
50.371447,-4.147561
50.372751,-4.144579
50.371961,-4.144399
50.37234,-4.14418
50.373305,-4.143994
50.370817,-4.143656
50.371907,-4.143446
50.37364,-4.14324
50.363594,-4.142573
50.363646,-4.141988
50.373746,-4.141304
50.370063,-4.141285
50.372022,-4.141116
50.365077,-4.141097
50.373446,-4.140597
50.373289,-4.140218
50.364785,-4.140206
50.370083,-4.139047
50.374071,-4.137429
50.938407,-4.136862
50.367909,-4.136719
50.370364,-4.136437
50.368503,-4.135662
50.381127,-4.134413
50.407683,-4.133543
50.359824,-4.131354
50.367369,-4.128258
52.926469,-4.128065
50.36713,-4.124371
51.666846,-4.092252
50.359641,-4.090725
50.359453,-4.089889
50.387157,-4.051848
55.817894,-4.020717
55.790847,-3.990676
55.786573,-3.990132
55.788673,-3.98955
55.786718,-3.989188
55.788856,-3.989169
51.61828,-3.948544
51.6201,-3.945723
51.620328,-3.945611
51.616817,-3.945245
51.621257,-3.94451
51.619427,-3.943196
51.622295,-3.938867
51.621346,-3.937909
56.118934,-3.936654
51.620328,-3.935208
56.076141,-3.922158
50.388312,-3.920456
56.37039,-3.844458
56.371712,-3.844316
56.370297,-3.843133
56.370004,-3.843018
56.372841,-3.84154
56.372856,-3.841159
56.373058,-3.840762
56.001024,-3.84058
56.003177,-3.84058
56.380227,-3.837552
56.380193,-3.836951
56.372485,-3.835902
56.3667,-3.833783
56.113917,-3.791319
56.11586,-3.791142
56.113811,-3.790787
56.115686,-3.790704
56.115535,-3.790471
50.284237,-3.77633
55.678831,-3.772375
55.679507,-3.771194
56.295449,-3.709625
56.295982,-3.707786
56.295815,-3.70748
56.295979,-3.706689
56.296528,-3.706107
55.070875,-3.613873
55.069813,-3.6113
55.070296,-3.61121
55.070113,-3.610869
55.069011,-3.610318
55.066363,-3.610237
50.530041,-3.590813
50.530109,-3.590331
50.428772,-3.583237
50.428389,-3.582432
50.425719,-3.561715
50.424454,-3.560069
50.405266,-3.552572
55.902754,-3.546758
55.903026,-3.545918
55.90558,-3.543578
50.45829,-3.524338
50.457022,-3.520824
55.88211,-3.518431
50.394888,-3.51438
50.395839,-3.512321
55.885653,-3.50967
55.93056,-3.496764
50.700903,-3.49601
50.700161,-3.494685
55.934855,-3.477146
55.934931,-3.475821
55.934411,-3.472297
55.934263,-3.470934
55.934662,-3.467326
56.072266,-3.462815
48.745445,-3.461463
56.072035,-3.460822
56.071488,-3.459317
56.071488,-3.459317
56.397971,-3.456705
56.397213,-3.45627
56.071808,-3.455597
56.39801,-3.455444
56.071491,-3.455388
56.395457,-3.455179
56.071586,-3.45464
56.405289,-3.444107
48.803156,-3.443261
48.802366,-3.44284
48.801987,-3.442724
56.396787,-3.440019
56.396656,-3.433678
56.395841,-3.432804
56.39662,-3.432672
56.395183,-3.431294
56.395136,-3.429773
56.3951,-3.42885
56.397844,-3.427681
56.397306,-3.427321
56.396977,-3.427101
56.394922,-3.426694
56.396825,-3.426651
56.396911,-3.42605
56.39931,-3.422853
50.704795,-3.414822
55.991347,-3.398112
54.663612,-3.366607
54.663597,-3.364933
54.663981,-3.360153
55.961648,-3.306131
55.919195,-3.291585
55.954997,-3.286322
55.940826,-3.281208
51.404167,-3.272048
51.404453,-3.271556
55.965651,-3.271343
51.403714,-3.271153
51.404874,-3.270915
51.404635,-3.26979
51.405835,-3.2688
51.407222,-3.266631
51.406005,-3.265516
51.406949,-3.263018
48.747173,-3.262118
48.745218,-3.261048
55.966773,-3.258563
55.971963,-3.254002
55.971817,-3.253874
55.97164,-3.252514
55.971227,-3.252176
51.645017,-3.249849
55.95701,-3.247177
48.775136,-3.246871
48.776868,-3.244285
48.785152,-3.233242
48.778303,-3.232156
51.606839,-3.23125
51.604185,-3.231163
55.940688,-3.231069
51.604847,-3.230503
48.787364,-3.230453
48.786301,-3.229144
51.610937,-3.226966
48.788001,-3.225512
48.786074,-3.223351
55.905206,-3.22307
55.942321,-3.222556
55.905787,-3.221902
55.943105,-3.219367
55.942564,-3.21772
51.571845,-3.217377
55.949327,-3.210762
55.92424,-3.210722
55.929118,-3.20962
55.930859,-3.209537
55.961156,-3.20913
55.951094,-3.207678
55.957207,-3.207361
55.952379,-3.204575
55.952225,-3.204435
55.952511,-3.2026
55.952789,-3.2011
55.952669,-3.200085
55.94731,-3.198084
55.953312,-3.198
55.935356,-3.197535
55.952925,-3.196847
55.935462,-3.196276
55.94848,-3.195348
55.953834,-3.194704
55.958298,-3.193956
55.953639,-3.192674
55.948634,-3.192544
55.949735,-3.192092
55.949154,-3.190919
55.957265,-3.190756
55.947277,-3.190724
55.947214,-3.190619
55.953493,-3.18979
55.950323,-3.188296
55.944541,-3.187419
55.953765,-3.18703
55.949449,-3.184029
55.962964,-3.181734
55.970159,-3.181575
55.961517,-3.18126
55.977862,-3.17991
55.942857,-3.179033
55.975884,-3.177323
51.483028,-3.177024
55.974546,-3.1768
55.971643,-3.174703
55.952269,-3.173882
55.952052,-3.173714
55.97507,-3.16977
55.971797,-3.168469
55.97357,-3.16759
56.111243,-3.159618
48.733218,-3.151278
55.959525,-3.147016
55.959816,-3.146305
55.922554,-3.137369
55.922973,-3.136851
55.920932,-3.134098
55.922074,-3.133745
54.599276,-3.133314
52.074211,-3.126318
55.953265,-3.116504
55.953038,-3.114821
55.950395,-3.111427
55.953306,-3.107125
58.643352,-3.07003
53.555154,-3.063308
53.556358,-3.062723
53.557706,-3.061457
53.556785,-3.061302
53.556397,-3.060846
53.793349,-3.05714
54.995977,-3.056678
53.823335,-3.055326
53.793439,-3.055185
53.81792,-3.054543
53.813081,-3.054382
53.822898,-3.054081
53.812448,-3.053856
53.816318,-3.053384
53.813486,-3.053373
53.818747,-3.053129
53.815292,-3.052847
53.820903,-3.052214
53.815634,-3.052161
53.812606,-3.051828
53.812201,-3.051335
53.820663,-3.050508
53.820175,-3.050112
53.823266,-3.049875
53.819276,-3.048985
53.820346,-3.048609
53.822594,-3.047869
54.873329,-3.047815
53.821486,-3.047354
48.777663,-3.045212
48.778349,-3.04423
56.467537,-3.032436
53.49208,-3.026854
53.492775,-3.025746
53.492152,-3.024392
48.821444,-3.014323
53.646178,-3.009457
53.646166,-3.005788
53.647543,-3.002602
53.410224,-2.99941
56.461806,-2.971646
56.46128,-2.971587
53.255984,-2.954067
53.255942,-2.954041
53.518569,-2.945921
54.543953,-2.944652
53.514838,-2.943504
53.51632,-2.943488
53.517014,-2.94263
54.894985,-2.938221
54.895923,-2.937821
54.895218,-2.937247
54.884876,-2.935631
54.8936,-2.93533
54.897712,-2.935163
54.899339,-2.934653
54.897033,-2.93409
54.893751,-2.933908
53.515674,-2.931424
53.506675,-2.931182
53.278951,-2.899017
53.278087,-2.898994
53.277991,-2.898889
53.278075,-2.898298
53.27719,-2.897992
53.213249,-2.896812
53.567862,-2.887948
53.567579,-2.887446
53.568585,-2.88618
53.566524,-2.885908
53.264768,-2.885817
53.26443,-2.885431
53.263822,-2.884826
53.567778,-2.884755
53.22787,-2.884323
53.567526,-2.883738
53.569356,-2.880713
54.071327,-2.87378
54.070673,-2.873775
54.072078,-2.873467
54.071746,-2.873421
54.072906,-2.87079
54.072843,-2.868786
54.612355,-2.821131
51.287329,-2.817146
51.432845,-2.760499
53.452128,-2.739434
53.452379,-2.738745
53.452901,-2.738691
53.451249,-2.738315
53.451116,-2.736982
53.761889,-2.736025
52.057313,-2.719631
52.056139,-2.717571
52.054978,-2.717507
52.059022,-2.715597
52.057748,-2.714567
53.757929,-2.705096
53.757378,-2.704348
53.758531,-2.703777
53.756965,-2.703655
53.759653,-2.702749
53.756897,-2.701988
53.761096,-2.700144
53.759899,-2.7
53.757965,-2.699732
53.760398,-2.699444
53.760068,-2.699403
51.159962,-2.699107
53.758898,-2.698198
53.756468,-2.697456
53.760992,-2.696191
42.852399,-2.665246
42.851566,-2.66441
51.444469,-2.637577
51.435804,-2.63597
50.941518,-2.631576
50.941052,-2.630794
50.942225,-2.627894
50.940856,-2.62599
50.940595,-2.624208
51.416139,-2.601351
51.416873,-2.600455
51.416847,-2.600053
51.416514,-2.599699
51.415401,-2.598685
51.441234,-2.597803
53.388484,-2.595075
51.446568,-2.594286
51.456465,-2.594139
53.388378,-2.594019
51.456397,-2.591357
51.458018,-2.591202
51.456532,-2.591053
53.399042,-2.590355
53.399902,-2.590008
51.458655,-2.589418
53.398611,-2.588498
51.416658,-2.588482
51.416392,-2.588321
51.458818,-2.58779
53.396736,-2.58705
53.395861,-2.586924
51.417142,-2.586718
53.395855,-2.586524
53.394084,-2.58639
51.508402,-2.574601
51.413507,-2.571384
51.413463,-2.571188
51.450968,-2.563053
51.449288,-2.561655
51.44833,-2.560694
51.448085,-2.560492
51.447437,-2.559987
53.27351,-2.528587
54.322388,-2.527631
54.323196,-2.526909
54.324032,-2.525954
57.664649,-2.523425
56.00279,-2.516566
50.949887,-2.515684
50.948651,-2.515009
56.000492,-2.514113
50.945369,-2.512626
53.265092,-2.505862
51.497913,-2.480719
51.497937,-2.480441
50.611935,-2.455831
50.609375,-2.453856
50.545672,-2.436293
51.054793,-2.412274
51.057541,-2.409246
53.383209,-2.403474
53.238523,-2.399531
53.753176,-2.366373
53.753226,-2.366267
51.383784,-2.365816
53.753295,-2.365639
53.755183,-2.364119
53.754524,-2.363743
53.144113,-2.363294
53.464401,-2.347768
53.466065,-2.345899
53.46491,-2.344881
55.777896,-2.343203
53.093718,-2.301095
53.400703,-2.297553
53.400586,-2.297545
53.403339,-2.282594
53.403478,-2.282419
53.403382,-2.282321
53.387379,-2.255301
53.387609,-2.25507
53.387553,-2.254803
53.487333,-2.25372
53.387942,-2.253065
51.864027,-2.247737
53.481103,-2.244043
53.480905,-2.242423
53.791731,-2.242158
53.481341,-2.24042
53.481322,-2.240216
53.370325,-2.238424
53.479366,-2.237831
53.370196,-2.237689
53.46826,-2.237608
53.467363,-2.23758
53.370153,-2.235695
53.469048,-2.234779
53.370169,-2.234376
53.479438,-2.234092
53.479385,-2.234022
53.370221,-2.2335
53.369999,-2.232464
53.369873,-2.228834
53.440677,-2.216754
53.440629,-2.216393
53.376589,-2.215674
53.376437,-2.214841
53.37631,-2.21474
53.375701,-2.213656
53.375569,-2.21363
56.968505,-2.205334
53.357443,-2.201386
53.357333,-2.200988
53.357252,-2.200558
53.007037,-2.187502
53.003234,-2.186247
53.006792,-2.184691
53.00767,-2.184252
53.003151,-2.184058
53.003848,-2.183468
53.411153,-2.16204
53.343008,-2.16006
53.343073,-2.159782
53.412574,-2.158683
52.98842,-2.133552
52.583849,-2.125589
52.584082,-2.125562
52.583914,-2.125423
53.551745,-2.123687
53.551614,-2.12309
53.554069,-2.123064
53.552178,-2.121863
53.553748,-2.121448
53.552374,-2.121291
53.55324,-2.121024
52.570006,-2.098399
53.490348,-2.093301
53.491237,-2.09245
51.902648,-2.076328
51.90232,-2.075711
51.901907,-2.075673
51.899507,-2.073138
53.481822,-2.058985
53.481734,-2.058211
52.448868,-2.0537
52.338462,-2.051933
52.338613,-2.050603
52.447323,-2.050259
50.761218,-1.995163
50.760412,-1.994653
50.759686,-1.993897
50.740078,-1.988933
50.736098,-1.9876
50.71464,-1.984148
50.733964,-1.982195
50.717442,-1.979867
52.58896,-1.97914
50.717279,-1.974615
50.727915,-1.973966
52.59552,-1.97235
52.59527,-1.97228
52.59569,-1.97175
52.68251,-1.934577
54.544638,-1.924925
54.544784,-1.924871
54.544727,-1.922994
54.544689,-1.922599
52.473583,-1.916422
52.479592,-1.908231
52.480781,-1.908123
52.476912,-1.907351
52.48182,-1.905323
52.477863,-1.905103
52.477788,-1.903349
52.480186,-1.902233
52.480859,-1.899766
52.478102,-1.899734
52.433893,-1.89467
52.477135,-1.893232
52.991573,-1.893176
52.479409,-1.89306
50.722031,-1.88363
50.721188,-1.876849
53.723821,-1.859511
53.721701,-1.858047
53.721717,-1.857655
52.533512,-1.828301
51.180317,-1.827696
51.068227,-1.797097
51.069348,-1.794405
52.415525,-1.789822
51.55936,-1.786936
51.558807,-1.782145
53.541787,-1.759175
52.613319,-1.713697
52.194406,-1.709055
52.192862,-1.705678
52.632646,-1.697677
52.63262,-1.691937
54.970568,-1.61981
54.9702,-1.61867
54.969151,-1.616638
54.972781,-1.610414
54.973099,-1.609124
54.973137,-1.608647
54.973953,-1.608384
54.973559,-1.607748
53.744668,-1.601483
53.744828,-1.601339
53.745066,-1.599646
52.281117,-1.585651
54.777021,-1.579159
54.778837,-1.577536
54.777585,-1.575716
55.183199,-1.569597
54.178463,-1.564921
54.523955,-1.553219
54.523723,-1.552664
50.947643,-1.552288
53.802894,-1.548074
53.804693,-1.547849
54.522153,-1.546269
53.79887,-1.545886
53.797945,-1.54447
53.795239,-1.544448
53.799131,-1.544341
53.799806,-1.544098
53.795873,-1.543515
53.803768,-1.542099
53.993742,-1.541836
53.993892,-1.540881
53.801386,-1.54065
53.795379,-1.540285
53.794796,-1.540283
53.994132,-1.539961
53.799134,-1.539802
53.799966,-1.53977
53.798091,-1.538419
53.795638,-1.538386
53.79958,-1.53815
53.796158,-1.537689
53.79509,-1.5345
53.798908,-1.533537
53.798065,-1.533515
54.898466,-1.532947
53.797419,-1.532325
54.901326,-1.532126
54.901179,-1.531654
54.900419,-1.530723
52.408937,-1.515098
52.409562,-1.514861
52.407574,-1.511921
52.406144,-1.511185
52.411552,-1.51021
52.407928,-1.508494
52.406774,-1.507279
53.825568,-1.507224
53.827022,-1.50539
53.839733,-1.504352
53.839949,-1.49934
53.835001,-1.497249
53.023454,-1.485751
53.023083,-1.483883
53.023865,-1.483734
53.023074,-1.481269
53.023748,-1.480129
51.209138,-1.478831
53.022877,-1.478576
53.023332,-1.478482
52.925103,-1.477987
52.919642,-1.477822
52.919357,-1.47676
52.919053,-1.476535
52.919027,-1.47499
52.918885,-1.474121
52.921627,-1.473541
53.380199,-1.472973
52.747466,-1.472417
53.381103,-1.472033
53.382823,-1.470666
53.380877,-1.467909
53.379969,-1.467029
53.463123,-1.465944
54.947977,-1.463805
54.997503,-1.435679
54.999138,-1.435065
54.998832,-1.434449
52.916659,-1.433362
54.999907,-1.431406
52.915731,-1.431099
54.999832,-1.430945
54.999927,-1.41542
55.000106,-1.415294
54.999543,-1.415225
50.901179,-1.415219
54.999362,-1.414277
50.908161,-1.414189
54.998473,-1.413142
50.905766,-1.4117
50.908241,-1.41093
54.997014,-1.410599
54.997103,-1.41026
50.90912,-1.409984
50.902322,-1.409587
54.996555,-1.409391
54.996317,-1.409013
50.905584,-1.408632
50.897121,-1.408533
50.898112,-1.408412
50.911041,-1.408031
50.903567,-1.407945
53.050357,-1.407704
50.908565,-1.40769
50.908483,-1.407318
50.900883,-1.407012
50.910854,-1.406867
53.049728,-1.406849
50.905945,-1.406623
50.907118,-1.406548
50.905673,-1.406336
53.04922,-1.406154
50.905399,-1.406148
50.899274,-1.405877
50.912579,-1.405687
50.908014,-1.405665
50.911136,-1.405647
54.993705,-1.40563
50.904591,-1.405555
53.048574,-1.405551
50.908648,-1.405429
53.050328,-1.405162
54.993288,-1.405075
50.900029,-1.404657
50.907705,-1.404539
50.900697,-1.404051
50.901499,-1.40397
50.898674,-1.403849
50.908286,-1.403761
50.912014,-1.403758
50.905316,-1.403503
50.89954,-1.402991
50.902647,-1.402986
50.903408,-1.402704
50.901744,-1.402704
50.896767,-1.402677
50.896677,-1.402264
50.902928,-1.402173
50.901756,-1.401886
50.913844,-1.401701
50.899739,-1.401256
50.902168,-1.400859
52.248681,-1.400794
50.901834,-1.399673
53.055512,-1.398892
50.8982,-1.398802
50.902461,-1.398576
52.248308,-1.398525
50.908603,-1.398072
50.904819,-1.396294
50.905201,-1.396162
50.905741,-1.396146
50.89642,-1.394164
50.894798,-1.393021
52.251568,-1.38836
52.252932,-1.388303
52.252742,-1.388293
52.254909,-1.388016
52.254784,-1.387812
52.254257,-1.387708
53.096725,-1.386936
52.253688,-1.386665
50.924145,-1.38593
52.724683,-1.374405
52.724707,-1.371794
52.827947,-1.371773
52.7237,-1.370866
52.72806,-1.365459
52.728957,-1.365191
54.509787,-1.355202
54.509983,-1.354773
54.509737,-1.35456
54.508842,-1.354436
54.50832,-1.354212
54.510529,-1.354109
54.508931,-1.35394
54.508618,-1.353883
54.520347,-1.349857
50.86821,-1.34825
50.86882,-1.34297
52.841794,-1.338739
52.842458,-1.337644
52.842488,-1.337408
52.064358,-1.334982
54.562774,-1.314598
50.921899,-1.314164
50.91962,-1.313446
54.565919,-1.312558
50.92339,-1.31224
54.566815,-1.312228
50.92345,-1.31217
54.565347,-1.311686
54.566384,-1.311461
53.070205,-1.302352
50.925466,-1.302288
44.211586,-1.294922
54.607782,-1.293101
54.606631,-1.292028
54.607317,-1.289164
44.209446,-1.275787
52.896139,-1.269667
52.896759,-1.269296
52.896623,-1.268806
50.872237,-1.268191
50.87275,-1.268106
52.896607,-1.267443
50.94328,-1.26455
51.752028,-1.2614
51.755147,-1.260515
51.752347,-1.260123
51.749604,-1.259533
51.750554,-1.259351
51.754496,-1.257044
51.75436,-1.255746
51.752487,-1.255167
54.576476,-1.238227
54.574128,-1.237858
54.576322,-1.237799
51.747598,-1.23608
54.574237,-1.233087
52.946016,-1.232776
52.946161,-1.232152
52.964413,-1.228908
52.964613,-1.228372
54.575683,-1.226014
52.973903,-1.217265
52.926102,-1.216726
52.926844,-1.216606
54.682838,-1.21581
52.928702,-1.215372
52.925415,-1.214947
54.682717,-1.213606
52.928937,-1.213175
51.7595,-1.213142
52.927387,-1.213042
52.928184,-1.21202
54.68464,-1.211854
52.770454,-1.207906
52.769971,-1.207042
52.989107,-1.206655
52.772671,-1.203775
51.94977,-1.198861
53.000912,-1.198595
53.001067,-1.197613
53.001885,-1.197011
53.000253,-1.196779
53.00259,-1.196047
52.999172,-1.195857
53.001759,-1.19529
52.999544,-1.19484
53.014212,-1.187326
52.972321,-1.177892
52.96499,-1.166766
52.928691,-1.166064
52.952143,-1.15702
52.954153,-1.156938
52.958641,-1.156713
52.953724,-1.156501
52.952539,-1.156152
52.950318,-1.15294
52.95391,-1.152765
60.157048,-1.152565
52.955097,-1.152423
52.953786,-1.152207
52.955962,-1.151893
60.156546,-1.151814
52.952402,-1.151543
52.95266,-1.151187
52.956224,-1.150483
52.954498,-1.15001
52.956301,-1.149914
52.950659,-1.149756
52.957872,-1.149697
52.950536,-1.149514
52.956594,-1.149514
52.950375,-1.149504
52.954645,-1.149459
60.157953,-1.148965
52.948888,-1.148855
52.95254,-1.148142
52.952592,-1.147715
52.952669,-1.147619
52.979871,-1.14688
52.949571,-1.146872
52.953146,-1.146827
52.947543,-1.146644
52.954175,-1.146611
52.95435,-1.146609
60.155858,-1.146509
52.95326,-1.145992
60.15877,-1.145897
52.956285,-1.145429
52.952199,-1.145383
52.982744,-1.145355
52.98203,-1.145245
60.158861,-1.145232
52.94779,-1.145223
60.156584,-1.144792
52.983163,-1.144621
52.95784,-1.142425
52.952445,-1.1417
52.954587,-1.140173
52.95166,-1.139976
52.955136,-1.137945
52.954671,-1.137402
52.955135,-1.136363
52.63282,-1.131379
51.264852,-1.120593
51.264105,-1.120304
50.794505,-1.119656
51.265127,-1.118505
52.949272,-1.113205
50.79282,-1.107731
50.796191,-1.105456
50.794164,-1.096099
51.26747,-1.088931
51.26583,-1.088707
51.267327,-1.088658
51.26695,-1.087822
51.267084,-1.087663
51.263368,-1.085798
51.265379,-1.085308
51.263241,-1.085042
51.263914,-1.084943
53.202962,-1.080823
53.786957,-1.074779
50.811075,-1.070867
50.811386,-1.07035
53.783979,-1.069493
50.811473,-1.068947
53.782663,-1.06881
53.783678,-1.068612
50.810818,-1.068377
50.81105,-1.068375
50.811572,-1.067557
50.811044,-1.067366
50.81067,-1.067242
50.811082,-1.066398
54.6192,-1.066175
50.811544,-1.066084
50.811053,-1.065934
50.812082,-1.065686
50.811577,-1.065577
50.811575,-1.065369
54.618995,-1.065249
50.819939,-1.065194
50.811537,-1.065017
51.440321,-1.065014
50.810903,-1.064016
51.44223,-1.061469
51.747598,-0.978405
51.455192,-0.977597
51.455354,-0.976753
51.455508,-0.974994
51.467722,-0.974953
51.452653,-0.970815
51.456853,-0.970124
51.456464,-0.967666
51.456942,-0.962014
52.141862,-0.914379
52.237478,-0.906206
52.237237,-0.895553
52.238583,-0.892239
52.2392,-0.890496
52.239338,-0.890263
51.403275,-0.8376
51.409814,-0.834328
51.410762,-0.831294
51.4114,-0.822274
51.816956,-0.812143
51.817198,-0.811379
51.817834,-0.810499
51.817626,-0.810333
51.21569,-0.78944
51.570471,-0.779565
51.568649,-0.776947
51.573444,-0.77639
51.317187,-0.766338
51.250327,-0.76591
51.24854,-0.76571
51.24845,-0.76294
51.322302,-0.762146
51.290014,-0.759368
51.290891,-0.758359
51.629703,-0.757088
51.328141,-0.756928
51.293192,-0.7558
51.290175,-0.754619
52.04205,-0.75446
51.631208,-0.752869
51.630254,-0.750978
52.04124,-0.750428
51.628471,-0.748658
51.339001,-0.748338
51.3,-0.7478
52.041248,-0.747605
51.337853,-0.745029
51.33877,-0.744874
51.337839,-0.744261
51.699471,-0.739112
52.028262,-0.735448
52.400903,-0.731823
37.930743,-0.720677
37.93135,-0.720593
51.7048,-0.70548
52.300529,-0.695116
37.991906,-0.686871
51.371923,-0.68402
51.372435,-0.683158
37.975196,-0.679063
37.977826,-0.667956
37.984569,-0.658535
38.002005,-0.658332
38.004223,-0.655634
51.463954,-0.644878
51.464551,-0.644445
51.186958,-0.61029
51.187195,-0.610286
51.479687,-0.610227
51.481022,-0.609607
51.49017,-0.60959
51.4878,-0.60948
51.48698,-0.60902
51.186267,-0.608815
51.48737,-0.60877
51.481807,-0.608561
51.48341,-0.60852
51.483111,-0.608223
51.48537,-0.60689
51.48553,-0.60674
51.47974,-0.605996
51.480862,-0.605674
51.318535,-0.59044
51.237462,-0.578575
51.323867,-0.574654
51.236948,-0.574548
51.323714,-0.574249
51.236114,-0.568328
51.58843,-0.558243
51.333334,-0.529813
51.33364,-0.529034
51.888587,-0.52059
51.888976,-0.511183
51.404944,-0.509755
51.39103,-0.503
51.89013,-0.485791
51.54753,-0.48088
51.5473,-0.47979
51.54594,-0.47918
51.54612,-0.47773
51.894537,-0.476189
51.749438,-0.473893
51.893856,-0.47293
51.51247,-0.47253
51.752938,-0.472444
51.313481,-0.472106
51.51212,-0.47107
51.51255,-0.47106
51.51281,-0.47105
51.51366,-0.47066
51.51209,-0.46946
51.432254,-0.460133
51.40335,-0.45982
51.905515,-0.458314
51.37301,-0.45732
51.37354,-0.45669
51.39287,-0.44908
51.39512,-0.44868
51.53031,-0.44744
51.36785,-0.44515
54.005004,-0.440785
51.561998,-0.440478
51.920351,-0.43597
51.591563,-0.433048
53.843427,-0.432954
53.84226,-0.431691
51.387087,-0.430778
53.840468,-0.429384
53.841557,-0.429274
53.841274,-0.428925
53.84112,-0.426733
51.531657,-0.42248
51.531864,-0.421324
51.41963,-0.42097
51.532101,-0.42009
51.329557,-0.419282
51.384373,-0.41885
51.385335,-0.418665
51.879688,-0.418151
51.384643,-0.418035
51.41171,-0.418
51.874,-0.417888
51.878011,-0.416931
51.50808,-0.41642
51.877438,-0.415973
51.880193,-0.415077
51.37323,-0.41425
51.45947,-0.41406
51.881602,-0.414038
51.40586,-0.413632
51.404113,-0.412625
51.404077,-0.41247
51.391424,-0.412025
51.879803,-0.411665
50.819405,-0.411236
51.4446,-0.4111
51.327972,-0.410513
51.327983,-0.410282
51.375354,-0.408399
51.406671,-0.405962
51.51619,-0.40512
51.51664,-0.40439
51.555979,-0.399574
51.872137,-0.396059
51.31897,-0.389088
51.440229,-0.388421
51.43663,-0.38005
51.43503,-0.37612
51.88912,-0.373483
51.43729,-0.3727
51.576456,-0.371153
50.811575,-0.371068
50.811731,-0.370284
51.444934,-0.367312
51.448981,-0.366705
51.439429,-0.364772
51.44343,-0.36463
51.370163,-0.364303
51.370819,-0.363718
51.37092,-0.363498
51.58927,-0.363225
51.453679,-0.358146
51.45116,-0.35806
51.45032,-0.35796
51.45164,-0.35788
51.296316,-0.355945
51.455881,-0.3555
51.42771,-0.35521
51.753157,-0.355157
51.42778,-0.35511
51.456222,-0.352827
51.361108,-0.346732
51.433371,-0.346158
51.53752,-0.34566
51.453808,-0.345618
51.40221,-0.34503
53.745313,-0.344326
51.432048,-0.344135
51.40259,-0.342752
51.42674,-0.34154
53.745029,-0.341064
53.743946,-0.341046
51.39,-0.34064
51.4451,-0.34048
51.754107,-0.340061
51.4275,-0.33917
53.744341,-0.339096
51.42967,-0.33909
51.42524,-0.33892
51.753735,-0.338849
51.750501,-0.338355
51.58118,-0.337846
51.430367,-0.337068
51.5556,-0.33644
51.748149,-0.335051
51.42572,-0.334984
51.424166,-0.334675
51.427651,-0.334536
51.423818,-0.334128
51.40644,-0.33407
51.57955,-0.33401
51.42374,-0.33334
51.42313,-0.33287
51.424322,-0.332868
51.42389,-0.33283
51.581792,-0.332463
51.581928,-0.332432
51.4248,-0.332425
51.42453,-0.33242
51.56458,-0.33225
51.46026,-0.33194
51.42795,-0.33165
51.426869,-0.331478
51.42377,-0.33127
51.42506,-0.33021
51.427794,-0.328831
50.828372,-0.32362
51.47932,-0.32328
51.750919,-0.322015
51.350334,-0.314824
51.50302,-0.30756
51.41036,-0.30717
51.41069,-0.30682
51.42696,-0.30517
51.4936,-0.3049
51.51217,-0.3047
51.49207,-0.30447
51.41194,-0.30362
51.41165,-0.30326
51.41192,-0.30243
51.409365,-0.301266
51.464001,-0.300654
51.466818,-0.299576
51.451735,-0.297901
51.387461,-0.297126
51.49494,-0.29649
51.41123,-0.29076
51.47775,-0.290125
51.477693,-0.289721
51.47015,-0.28779
51.47116,-0.2874
51.46656,-0.28724
51.47194,-0.28705
51.477286,-0.286234
51.490527,-0.285032
51.479449,-0.284696
51.47799,-0.28396
51.47909,-0.28325
51.47932,-0.28279
51.49048,-0.28274
51.563372,-0.281267
51.468387,-0.280219
51.47791,-0.27917
51.585917,-0.27616
51.493312,-0.267799
51.491206,-0.267701
51.46464,-0.2676
51.46457,-0.26645
51.400012,-0.266162
51.493965,-0.264913
51.46477,-0.2637
51.399186,-0.260558
51.53215,-0.26015
51.53048,-0.25997
51.54558,-0.25991
51.546,-0.25989
51.54065,-0.25829
51.483543,-0.255994
51.49138,-0.255917
51.401007,-0.255859
51.399209,-0.255625
51.4719,-0.25341
51.38457,-0.25134
51.51602,-0.24966
52.575504,-0.244735
52.575088,-0.244666
51.429966,-0.244564
52.574692,-0.243944
51.453695,-0.243559
51.451098,-0.242936
51.450943,-0.242913
51.449398,-0.240145
51.449101,-0.238786
51.485799,-0.231629
51.494036,-0.228438
51.494397,-0.226121
51.49107,-0.22526
51.48606,-0.22023
51.439096,-0.219404
51.502966,-0.219373
51.438953,-0.219364
51.503186,-0.21831
51.486587,-0.217733
51.506492,-0.215947
51.497509,-0.211143
51.49608,-0.208193
50.829418,-0.207755
51.42131,-0.207122
50.83297,-0.20644
51.903226,-0.203751
51.902481,-0.202764
51.494637,-0.20255
51.492894,-0.201906
51.900771,-0.201825
51.89996,-0.201512
51.42596,-0.20143
51.902997,-0.200871
51.903785,-0.20071
51.42687,-0.20067
51.903897,-0.200533
51.90308,-0.200291
51.902411,-0.200028
51.584002,-0.199915
51.901564,-0.199803
51.562786,-0.199432
51.508622,-0.197829
51.511376,-0.197618
51.518898,-0.196906
51.525505,-0.196734
51.36719,-0.19601
51.49981,-0.19595
51.500488,-0.195892
51.50042,-0.195683
51.507855,-0.195667
51.50258,-0.194857
51.500691,-0.194551
51.497154,-0.194364
51.512842,-0.194321
51.3677,-0.1942
51.36246,-0.19393
51.36562,-0.19391
51.508228,-0.193666
51.513972,-0.193442
51.500285,-0.1933
51.50078,-0.19325
51.48837,-0.19323
51.36616,-0.19319
51.500311,-0.193021
51.365,-0.19285
51.497768,-0.192792
51.60245,-0.192547
51.49537,-0.19213
51.518998,-0.191917
51.498863,-0.191451
51.36259,-0.19121
51.60331,-0.190974
51.501828,-0.190032
51.494564,-0.189761
51.501517,-0.189503
51.51153,-0.189367
51.48997,-0.18843
51.114316,-0.188152
51.510666,-0.187089
51.494871,-0.185866
51.500691,-0.185764
51.482147,-0.185723
52.331194,-0.185477
54.085748,-0.184745
51.115527,-0.184734
52.329606,-0.18423
51.545514,-0.18416
51.49773,-0.18395
51.515243,-0.183903
52.331042,-0.183849
51.48443,-0.18319
52.330615,-0.18305
51.483969,-0.182626
51.546001,-0.182412
51.478062,-0.182015
51.545735,-0.181875
51.49345,-0.18158
51.481821,-0.180577
51.489246,-0.18003
51.516982,-0.179268
51.495228,-0.179078
51.482388,-0.178907
51.49355,-0.17883
51.49375,-0.178764
51.479926,-0.178614
51.516521,-0.178576
51.50131,-0.17826
51.501348,-0.177913
51.492433,-0.177482
51.483616,-0.176827
51.494014,-0.176725
51.518651,-0.176575
51.51707,-0.1762
51.516982,-0.176167
51.518612,-0.176104
51.493764,-0.175827
51.517512,-0.175462
51.516822,-0.175459
51.53386,-0.17529
51.495439,-0.175052
51.490309,-0.174901
51.490339,-0.174733
51.48801,-0.174416
51.504095,-0.174107
51.49758,-0.17408
51.489904,-0.174006
51.5041,-0.174
51.49642,-0.17392
51.49732,-0.17392
51.49682,-0.17385
51.490112,-0.173635
51.490228,-0.173196
51.504916,-0.172529
51.489721,-0.172133
51.486242,-0.171441
51.486594,-0.170728
51.50857,-0.1707
51.50846,-0.17053
51.492653,-0.170342
51.489587,-0.170234
51.483166,-0.170233
51.492707,-0.169945
51.506248,-0.169733
51.51955,-0.1684
51.496928,-0.167917
51.486674,-0.167799
51.494352,-0.167429
51.517169,-0.167273
51.488178,-0.166935
51.517564,-0.166926
51.487997,-0.166876
51.516681,-0.166458
51.492273,-0.166157
51.488538,-0.165718
51.4884,-0.16555
51.515633,-0.164977
51.497237,-0.164095
51.51964,-0.1638
51.499994,-0.16354
51.496389,-0.163247
51.484911,-0.162703
51.51506,-0.1625
51.51509,-0.16224
51.49856,-0.16222
51.499708,-0.162196
51.47304,-0.16204
51.499198,-0.161662
51.49946,-0.16166
51.512175,-0.161641
51.499774,-0.161595
51.490696,-0.161512
51.490222,-0.161093
51.499526,-0.160868
51.51953,-0.16078
51.54376,-0.16073
51.486641,-0.160203
51.492249,-0.159929
51.514598,-0.159774
51.51474,-0.15977
51.51562,-0.15958
51.515059,-0.159559
51.491878,-0.159522
51.51551,-0.15947
51.51674,-0.15931
51.50169,-0.158883
51.513944,-0.15869
51.501457,-0.158637
51.498231,-0.158626
51.55563,-0.15812
51.516027,-0.157907
51.52003,-0.15786
51.520086,-0.157778
51.493545,-0.157714
51.516368,-0.157478
51.502231,-0.157467
51.5217,-0.15744
44.89438,-0.15721
51.54382,-0.15712
51.493001,-0.156813
51.51232,-0.1568
51.51564,-0.15678
51.51171,-0.15672
44.89257,-0.15664
51.5022,-0.156512
51.51956,-0.15602
44.89167,-0.15583
44.89066,-0.1548
51.51476,-0.15409
51.51826,-0.15375
51.51352,-0.15354
51.55547,-0.15345
51.498221,-0.153202
51.541202,-0.153109
51.51859,-0.15302
51.51887,-0.15302
51.51859,-0.15299
51.51577,-0.1529
51.508242,-0.152478
51.5166,-0.15222
51.51949,-0.15187
51.512094,-0.151727
51.509138,-0.151668
51.5145,-0.15165
51.54588,-0.15163
51.527202,-0.151534
51.562241,-0.151418
51.504809,-0.151352
51.510572,-0.151201
51.506165,-0.151147
51.51087,-0.15111
51.499889,-0.151049
51.510258,-0.150858
51.52293,-0.15055
51.51101,-0.15047
51.522763,-0.150375
51.505243,-0.1503
51.506333,-0.15004
51.51945,-0.15004
51.492045,-0.149882
51.521575,-0.149732
51.52168,-0.14969
51.507053,-0.149667
51.51903,-0.14966
51.51907,-0.14963
51.54595,-0.14958
51.49977,-0.14912
51.51908,-0.14911
51.651783,-0.149105
51.51911,-0.14902
51.503914,-0.149013
51.522733,-0.148761
51.520435,-0.148745
51.50883,-0.1483
51.5215,-0.148205
51.540055,-0.147943
51.52033,-0.147677
51.51508,-0.14743
51.520734,-0.14699
51.518152,-0.146862
51.512399,-0.146774
51.50853,-0.146449
51.489694,-0.146406
51.511046,-0.14632
51.51186,-0.14624
51.539929,-0.146196
51.51565,-0.146116
51.510926,-0.146105
51.508629,-0.145944
51.50901,-0.14578
51.518215,-0.14574
50.823045,-0.145665
51.52114,-0.14565
51.53734,-0.14564
50.82359,-0.14559
51.53996,-0.14544
51.52313,-0.14539
51.5173,-0.14532
51.51732,-0.14465
51.51221,-0.14451
51.519285,-0.144024
51.5476,-0.14396
51.513254,-0.14366
51.5469,-0.14363
51.54092,-0.143579
51.52056,-0.14235
51.513825,-0.142154
51.510198,-0.141335
51.493131,-0.141112
51.515914,-0.141009
51.515934,-0.140816
51.510467,-0.140065
51.537547,-0.139883
51.514931,-0.139664
51.52075,-0.13964
51.514971,-0.139532
51.50653,-0.13947
51.50634,-0.13932
51.487993,-0.139114
51.537974,-0.139067
51.515151,-0.138833
51.514421,-0.138788
51.492553,-0.138615
51.518531,-0.138584
51.491856,-0.138402
51.520053,-0.138198
51.513336,-0.137879
51.519412,-0.137715
50.823767,-0.137659
51.51848,-0.13765
51.52161,-0.13754
51.519833,-0.137286
51.519005,-0.137211
51.516041,-0.136998
51.49304,-0.13698
51.495019,-0.136095
51.51352,-0.136004
51.496898,-0.135991
51.495154,-0.135977
51.51611,-0.13596
51.52187,-0.13544
51.506763,-0.135296
38.538438,-0.134883
51.509123,-0.134545
51.50726,-0.134507
51.494035,-0.134092
51.494752,-0.133959
51.52035,-0.13381
51.52037,-0.1338
51.491279,-0.133739
51.511745,-0.133537
51.515119,-0.133038
51.51128,-0.132957
51.51852,-0.1329
51.52089,-0.13285
51.499822,-0.132807
51.50817,-0.132741
51.507631,-0.132655
51.506913,-0.132608
51.500588,-0.132545
51.492956,-0.132507
51.51799,-0.1325
51.52102,-0.13224
51.507119,-0.132207
51.514638,-0.132169
51.506954,-0.132055
51.511073,-0.131801
51.513777,-0.131686
51.52643,-0.13158
51.510088,-0.131397
38.537102,-0.13136
51.508576,-0.130795
51.508234,-0.130718
51.494824,-0.130583
51.51329,-0.13042
51.50691,-0.13042
51.500338,-0.130389
51.494821,-0.13028
51.52049,-0.12996
51.50915,-0.129826
51.508061,-0.12906
51.507121,-0.128942
51.497496,-0.128851
51.514528,-0.128804
51.510465,-0.128317
51.496962,-0.128116
51.496906,-0.127577
51.51054,-0.12706
51.496285,-0.12687
51.49568,-0.126788
51.517655,-0.126446
51.507026,-0.12512
51.522441,-0.124355
51.513414,-0.123814
51.51119,-0.12338
51.522661,-0.123331
51.52232,-0.12297
51.50931,-0.122577
51.52097,-0.12192
51.453796,-0.121456
51.454114,-0.120099
51.5234,-0.12006
50.818495,-0.11997
51.511704,-0.119814
50.8191,-0.119412
51.503407,-0.119283
51.52224,-0.1189
50.818961,-0.1185
50.818766,-0.118411
51.510225,-0.117202
50.818835,-0.117011
51.502699,-0.116687
51.51821,-0.11652
51.489747,-0.116086
51.505417,-0.115936
51.553298,-0.115635
51.553869,-0.115436
51.500275,-0.113769
51.555438,-0.113459
51.556739,-0.113166
51.554658,-0.113097
51.551288,-0.112785
51.517075,-0.112613
51.554062,-0.112485
51.554891,-0.112299
51.555452,-0.111822
51.507126,-0.110743
51.517586,-0.110016
51.50342,-0.110003
51.502151,-0.10922
51.511514,-0.108098
51.515091,-0.10775
51.514024,-0.107481
51.516758,-0.107337
51.51252,-0.107224
51.51359,-0.107203
51.502732,-0.107203
51.515642,-0.107122
51.511754,-0.106859
51.511908,-0.106462
51.516329,-0.106371
51.51713,-0.106344
51.511527,-0.106261
51.513071,-0.105969
51.556397,-0.105872
51.554707,-0.105342
51.556755,-0.105199
51.558536,-0.105109
51.556438,-0.105042
51.557654,-0.104985
51.558597,-0.104972
51.512754,-0.104971
51.555136,-0.104507
51.555552,-0.104389
51.504348,-0.103565
51.512332,-0.10334
51.515139,-0.103179
51.505671,-0.103168
51.508182,-0.103158
51.374334,-0.1029
51.512802,-0.102879
51.506005,-0.102428
51.506352,-0.102342
51.463783,-0.099908
51.512064,-0.099786
51.518173,-0.099047
51.512407,-0.098483
51.500536,-0.097747
51.514476,-0.097329
51.513316,-0.095712
51.498789,-0.093159
51.496736,-0.092751
51.496979,-0.092284
51.497473,-0.091453
51.499693,-0.090569
51.499796,-0.090158
51.498733,-0.090032
51.500037,-0.089367
51.501909,-0.08858
51.501236,-0.088093
51.499506,-0.087612
51.501217,-0.087556
51.514305,-0.087506
51.796502,-0.081966
51.796611,-0.081357
51.795741,-0.076019
38.572109,-0.07537
38.572423,-0.071867
51.798109,-0.071564
38.571553,-0.069263
38.573136,-0.065501
38.574444,-0.065008
38.577103,-0.064918
38.574101,-0.064913
38.579107,-0.063411
51.497681,-0.052907
51.497514,-0.052499
51.495706,-0.048183
51.495591,-0.048127
51.49585,-0.047848
51.52714,-0.03761
51.813654,-0.033849
51.81086,-0.033536
51.527983,-0.033416
51.531499,-0.031681
51.812341,-0.031103
51.534556,-0.029044
51.810588,-0.028732
51.528561,-0.028549
51.810744,-0.028531
51.52768,-0.027977
51.527407,-0.027683
51.761807,-0.012601
51.759528,-0.01211
51.761053,-0.011738
51.760081,-0.01119
51.767088,-0.004004
51.476379,0.000952
50.870868,0.007432
50.873578,0.015181
51.400829,0.018419
50.874468,0.01902
52.254528,0.019425
51.476779,0.021208
51.476841,0.021291
51.507628,0.035887
51.766791,0.095733
52.204852,0.117781
52.208119,0.120109
52.206581,0.121504
51.456843,0.139065
51.457313,0.139643
51.45705,0.141438
51.456971,0.141967
51.063313,0.142887
51.457377,0.143639
51.48132,0.177529
44.84235,0.20563
44.8425,0.20922
44.84105,0.21351
44.84225,0.21368
44.841865,0.2148
44.84103,0.21506
44.84058,0.21747
44.83959,0.21765
44.83765,0.21817
44.83933,0.22091
44.8305,0.22738
51.519716,0.253528
51.628492,0.257544
51.197331,0.271236
51.194113,0.272363
51.197022,0.273495
51.192533,0.274068
51.486594,0.274723
51.191888,0.275862
51.490295,0.280237
51.211631,0.293508
51.47726,0.321693
51.478169,0.322069
44.83718,0.33255
51.626592,0.418891
51.515891,0.427026
51.73432,0.428065
51.729771,0.429042
51.716406,0.431899
51.711338,0.434583
51.708568,0.441405
51.582387,0.44337
51.583555,0.443696
51.581537,0.443928
51.525555,0.446392
44.83655,0.44661
51.52581,0.4468
44.83647,0.44721
51.525351,0.447228
51.524944,0.447352
51.52507,0.44745
44.83481,0.44886
51.740163,0.453129
51.569601,0.454077
51.56907,0.45541
51.733502,0.470011
51.735037,0.470333
51.734678,0.471237
51.732778,0.471495
50.837779,0.471882
51.73451,0.471919
51.732585,0.472385
50.840206,0.47247
51.731774,0.472793
51.731519,0.473462
50.837612,0.473685
51.734996,0.474652
51.73049,0.475577
50.83973,0.475761
51.736369,0.47751
51.722958,0.477641
51.73206,0.477781
51.732451,0.478927
51.737214,0.479063
44.85588,0.48002
44.8478,0.48087
44.8562,0.4809
50.91728,0.48114
50.917447,0.481151
44.84656,0.48141
44.85583,0.48144
44.85091,0.48172
44.8476,0.48184
50.917549,0.481921
44.85172,0.48196
44.84694,0.48206
44.85377,0.48239
44.85226,0.4824
44.85418,0.48246
44.85455,0.4825
44.85365,0.48268
44.85562,0.4827
44.85415,0.48278
44.85476,0.48283
44.85158,0.48297
44.85309,0.483
44.85208,0.48327
44.85319,0.48382
44.85001,0.48386
44.85208,0.48406
44.85191,0.4845
44.8499,0.48479
44.84976,0.4848
44.851472,0.48494
44.85385,0.48503
50.917533,0.485166
44.85394,0.48533
50.917295,0.485426
44.85139,0.4855
44.85463,0.48558
44.84924,0.48571
44.85251,0.48586
44.85151,0.48666
44.85321,0.48677
44.85285,0.48714
44.85429,0.48733
44.84952,0.48755
44.84993,0.48757
44.85397,0.48769
44.85302,0.48775
44.85714,0.48815
44.85361,0.48826
44.84987,0.48828
44.85341,0.48832
44.84924,0.48843
44.84977,0.48885
44.84929,0.48895
44.85243,0.4891
44.85551,0.48911
44.8528,0.48917
44.84958,0.48925
44.85339,0.4897
44.85232,0.49088
44.853,0.49095
51.646712,0.491879
50.913039,0.493733
50.912785,0.49459
51.733099,0.495701
51.563632,0.500618
51.717849,0.501566
51.563212,0.5026
51.548464,0.505456
51.564425,0.505824
51.735809,0.506761
51.649979,0.509358
51.752054,0.513779
44.82218,0.51452
51.863562,0.51715
51.273689,0.524254
51.720668,0.526621
50.850354,0.539742
50.850432,0.542431
50.850958,0.543115
51.388741,0.544491
51.878359,0.548152
51.385446,0.548399
51.879348,0.55118
51.87865,0.552052
51.878385,0.552589
51.878059,0.553934
51.713638,0.558711
50.857729,0.576459
50.854985,0.58046
50.85478,0.581371
51.51365,0.59363
51.512068,0.594077
51.522056,0.594667
51.52206,0.59467
50.85622,0.597405
51.575701,0.599223
51.575226,0.600453
51.584703,0.603352
51.584183,0.604318
44.72913,0.60523
51.585013,0.605615
51.58632,0.605805
51.584313,0.605966
44.73016,0.60686
51.585992,0.606916
51.587685,0.607743
44.73091,0.60801
44.72986,0.60867
44.198997,0.622205
44.197959,0.626221
51.801262,0.630153
51.800587,0.639128
51.798763,0.6427
51.797303,0.644782
51.720614,0.663108
51.719768,0.663758
51.730815,0.676812
51.731744,0.680532
51.727129,0.686969
52.64828,0.68821
51.725682,0.692157
51.729441,0.706572
52.246226,0.708736
51.534083,0.718822
51.532015,0.72499
51.814221,0.748061
51.809549,0.750196
44.67957,0.89419
44.9187,0.92507
44.91967,0.92662
44.91898,0.92667
44.92039,0.92691
44.91792,0.92725
51.792421,0.992889
44.93636,1.01286
44.93592,1.01295
44.93521,1.0136
51.275366,1.073548
51.283882,1.075312
51.275727,1.075606
51.281892,1.078233
51.280036,1.079341
51.276179,1.079794
51.282825,1.08092
51.27778,1.083336
51.284478,1.084912
51.278384,1.084913
51.265623,1.085259
51.262237,1.086857
52.90601,1.08981
52.372341,1.108855
44.83986,1.14165
52.058997,1.150837
52.059125,1.151658
52.059155,1.152135
52.057255,1.152397
52.056437,1.156173
52.056789,1.156177
52.056568,1.158625
52.646345,1.186493
51.378936,1.196925
44.88992,1.21559
44.88868,1.21606
44.88783,1.21617
52.653118,1.262741
52.670406,1.270585
52.588663,1.271912
52.631917,1.285594
52.625949,1.288142
52.628212,1.289599
52.634464,1.289607
52.63091,1.289821
52.630074,1.290566
52.628185,1.290754
52.627245,1.291082
52.62555,1.292797
52.626645,1.293278
52.628722,1.293313
52.622008,1.294163
52.632298,1.294496
52.629647,1.296147
52.625685,1.29643
52.933403,1.296491
52.62717,1.296601
52.628231,1.297288
52.930566,1.297768
52.629656,1.297935
52.628984,1.299206
52.931297,1.299241
52.627873,1.299434
52.631507,1.299455
52.629714,1.303024
52.625848,1.305785
52.62725,1.306161
52.624401,1.306432
52.622932,1.306795
52.623741,1.308376
52.621281,1.310145
52.664837,1.333766
52.659311,1.334388
51.27401,1.337775
51.274428,1.338199
51.275626,1.33995
51.275456,1.343065
52.630734,1.360785
52.629872,1.36106
52.624415,1.379246
52.82065,1.386935
52.821191,1.387107
52.822282,1.388295
51.219529,1.388721
51.21949,1.38921
51.218616,1.396938
51.222883,1.399062
51.223767,1.399628
51.223657,1.400729
51.223004,1.401335
51.224825,1.401472
51.226676,1.402255
51.225183,1.402724
51.216337,1.403052
51.223644,1.403522
51.22433,1.403691
51.230881,1.404379
51.224756,1.404391
51.230594,1.40444
51.230323,1.4045
52.711994,1.409917
52.713232,1.410542
52.712748,1.410641
51.329952,1.414591
51.332414,1.415892
52.70609,1.462024
52.731306,1.49255
52.471175,1.749302
52.476292,1.752909
52.477223,1.753572
39.541316,3.335319
51.040094,3.719014
51.046015,3.719587
51.042863,3.720781
51.045904,3.723716
51.042468,3.723811
51.041654,3.724127
51.043765,3.724649
51.04713,3.724669
51.047062,3.730085
51.047081,3.730238
51.041646,3.730526
51.038983,3.730703
51.043181,3.730826
51.043329,3.732028
51.038495,3.732366
51.039096,3.734095
51.044812,3.735327
51.044365,3.736176
51.041289,3.73654
50.82716,4.371016
50.83888,4.37197
50.845357,4.378309
50.85194,4.379153
51.215045,4.406957
51.216679,4.408789
51.214052,4.408956
51.212234,4.409715
51.21342,4.410544
51.216261,4.410552
51.21683,4.413607
51.218511,4.414594
51.215547,4.415989
51.216301,4.417208
52.368673,4.88815
58.972627,5.726194
45.469032,6.90597
45.468634,6.906079
45.468622,6.908384
48.804173,8.319163
48.80401,8.319703
48.802953,8.321346
44.408464,8.929019
44.406183,8.933689
52.325557,9.725162
52.326277,9.727242
52.373891,9.742449
52.373902,9.742586
52.366863,9.742725
52.36618,9.743374
57.001129,9.87483
57.000302,10.100449
56.998722,10.101356
57.00052,10.102149
54.148828,10.966682
47.263017,11.385291
55.0092,11.910829
48.523087,12.069995
54.176974,12.084359
54.176612,12.084453
44.692799,12.23841
41.897977,12.455663
41.905543,12.45802
41.903176,12.463004
41.89072,12.539367
41.28778,13.256968
52.502671,13.34874
59.320897,18.064002
59.325424,18.06986
59.314841,18.102473
60.17119,24.948978
60.168772,24.949442
21.3577,30.06603
28.384615,77.300628
28.384752,77.303712
28.693191,78.526795
-37.73558,144.918313
-37.735748,144.918447
-37.814471,144.958649
-37.810514,144.964427
-37.81046,144.964632
-38.106868,147.061538
-38.106692,147.061541
-32.218996,148.569368
-32.245097,148.602922
-32.251592,148.603908
-32.249548,148.604572
-32.245499,148.605921
-32.2453,148.608303
-33.889312,151.189513
-33.886257,151.193718
-33.841987,151.208031
-27.988689,152.995425
-27.987131,152.995685
-27.988961,152.997336
-27.989494,152.997682
-27.988917,152.998877
-27.989435,152.99897
-27.906505,153.313329
-27.911401,153.316741
-27.914213,153.318652
-27.914565,153.318661
-27.914041,153.398852
-27.913055,153.400476
-45.033528,168.661844
-37.047937,174.927207
-37.048951,174.928146
-37.048503,174.928607
-37.049458,174.928811
-37.048949,174.929302
-40.223262,175.563448
